,central,lo,hi
2026-03-09,275709.97,254488.02,293209.6
2026-03-10,275536.03,255015.72,291648.16
2026-03-11,280966.34,255324.53,298332.16
2026-03-12,284590.1,261311.83,301085.5
2026-03-13,274538.75,248097.58,294733.06
2026-03-14,285220.88,269137.94,308587.88
2026-03-15,296855.8,285837.28,320960.2
2026-03-16,299733.8,273750.88,333202.28
2026-03-17,281589.75,253531.19,314963.34
2026-03-18,273919.47,244775.39,301113.3
2026-03-19,259856.45,219798.3,282100.94
2026-03-20,244955.72,209708.8,261659.2
2026-03-21,244741.69,214390.56,269382.38
2026-03-22,255880.81,225641.58,290735.62
2026-03-23,266758.16,228815.12,303901.0
2026-03-24,278763.6,235868.53,336139.6
2026-03-25,298183.4,260849.22,336208.2
2026-03-26,274860.12,239820.44,309927.2
2026-03-27,284012.12,256201.89,304767.38
2026-03-28,299307.28,275521.4,324685.97
2026-03-29,307709.12,282037.97,344552.9
2026-03-30,304381.0,269085.8,334727.25
2026-03-31,301297.34,241206.3,329173.44
2026-04-01,303735.62,231654.98,338127.47
2026-04-02,303722.5,245909.94,328359.78
2026-04-03,291422.6,240485.77,310311.34
2026-04-04,306671.3,268965.53,324911.5
2026-04-05,317445.7,285545.78,338319.1
2026-04-06,317791.8,299338.2,342235.6
2026-04-07,324084.75,307689.8,340505.28
2026-04-08,316374.72,291825.4,331263.53
2026-04-09,320550.6,309504.78,334893.9
2026-04-10,301721.94,293638.9,310324.06
2026-04-11,308853.97,260607.78,333220.72
2026-04-12,328491.3,307342.28,368062.0
2026-04-13,328808.7,282968.8,371700.5
2026-04-14,306629.25,271324.1,333767.44
2026-04-15,331285.1,300518.62,360607.25
2026-04-16,325969.7,286831.56,364497.28
2026-04-17,305961.06,246133.3,347048.3
2026-04-18,310855.75,262843.2,346077.3
2026-04-19,325142.97,283320.4,352483.28
2026-04-20,321633.3,273546.03,352621.16
2026-04-21,325452.9,289425.47,368502.06
2026-04-22,326446.53,301229.06,375161.4
2026-04-23,326927.47,279117.9,368745.72
2026-04-24,318975.25,280724.44,352069.06
2026-04-25,329744.75,299046.84,371545.28
2026-04-26,350186.6,317708.34,411387.9
2026-04-27,346058.9,294463.9,412183.53
2026-04-28,333485.0,273457.84,398144.5
2026-04-29,334329.2,256991.83,414331.03
2026-04-30,340496.3,279457.25,430345.4
2026-05-01,309090.8,268285.1,403180.53
2026-05-02,331453.2,273648.56,431804.4
2026-05-03,318884.88,285387.6,404463.75
2026-05-04,306725.1,263325.4,396931.7
2026-05-05,309600.7,281394.8,367825.84
2026-05-06,309157.56,285503.3,329571.72
2026-05-07,315942.88,289906.16,351591.6
2026-05-08,301302.7,249921.62,365573.0
2026-05-09,311055.9,261170.81,396034.06
2026-05-10,330483.56,266078.25,408919.72
2026-05-11,329821.88,285667.0,388510.4
2026-05-12,309952.8,283093.8,350535.28
2026-05-13,320457.9,296720.2,379779.53
2026-05-14,328341.88,303347.38,373016.56
2026-05-15,310053.66,295626.84,357439.78
2026-05-16,312250.9,281059.84,349885.38
2026-05-17,318682.3,291734.12,351398.5
2026-05-18,317501.62,286545.3,370215.78
2026-05-19,321757.66,305442.4,349833.3
2026-05-20,319744.1,302418.47,351899.84
2026-05-21,311828.47,288216.0,333772.22
2026-05-22,296746.4,280863.16,325126.88
2026-05-23,310529.25,284747.9,360914.1
2026-05-24,281167.12,249668.86,320877.56
2026-05-25,276694.7,248526.92,325967.0
2026-05-26,268722.97,243308.69,316259.4
2026-05-27,251282.3,232203.53,288905.9
2026-05-28,250916.84,191392.16,273241.72
2026-05-29,259158.14,229152.95,280199.94
2026-05-30,270392.62,203614.69,311228.9
2026-05-31,300591.66,251826.8,350072.28
2026-06-01,333271.44,306455.78,392832.6
2026-06-02,343527.47,314968.44,417402.34
2026-06-03,340088.53,297408.66,398663.12
2026-06-04,336961.72,288081.06,405923.66
2026-06-05,318182.62,285891.8,368484.5
2026-06-06,334549.56,305090.75,405425.72
2026-06-07,361033.44,327323.66,445843.75
2026-06-08,358989.44,331583.4,431771.47
2026-06-09,350414.47,321760.38,389301.5
2026-06-10,347941.2,321543.84,381443.47
2026-06-11,345708.9,319319.47,382289.1
2026-06-12,314868.16,294325.47,326600.88
2026-06-13,337267.8,324667.4,352925.28
2026-06-14,355564.47,343428.3,376492.56
2026-06-15,348624.8,336951.56,374981.1
2026-06-16,341598.84,315515.9,383363.2
2026-06-17,333932.8,291127.4,373396.3
2026-06-18,325060.0,286771.66,362435.9
2026-06-19,288017.2,268844.47,309579.75
2026-06-20,301327.03,279537.47,327201.0
2026-06-21,322039.78,299694.94,336178.7
2026-06-22,327921.5,312118.84,341764.3
2026-06-23,333473.4,318505.28,350687.44
2026-06-24,339787.88,321486.5,359632.9
2026-06-25,345235.53,332771.7,362270.0
2026-06-26,319683.53,310309.56,336966.03
2026-06-27,330981.12,297637.06,354770.16
2026-06-28,340876.2,309245.44,371837.0
2026-06-29,329647.53,305250.22,357609.9
2026-06-30,326178.4,309062.34,345661.38
2026-07-01,328789.28,314785.88,349031.22
2026-07-02,332704.7,308450.47,353337.16
2026-07-03,304872.4,276972.75,330289.72
2026-07-04,325312.3,307482.72,339261.22
2026-07-05,343947.9,326132.12,360545.7
2026-07-06,336391.88,321497.22,357455.12
2026-07-07,329894.88,305696.28,363784.0
2026-07-08,336204.8,286919.38,367186.9
2026-07-09,340743.38,280843.84,370478.2
2026-07-10,315480.12,267657.44,337896.72
2026-07-11,333720.66,307627.03,350133.72
2026-07-12,349391.88,331007.75,368624.72
2026-07-13,349183.25,329598.75,381034.8
2026-07-14,348709.6,310038.03,376793.2
2026-07-15,353929.4,302031.66,385210.25
2026-07-16,355781.56,322098.1,382152.38
2026-07-17,326353.1,297813.38,350270.0
2026-07-18,348849.47,327007.25,377544.22
2026-07-19,367547.47,344311.44,389530.28
2026-07-20,368005.88,334728.2,397608.38
2026-07-21,374842.75,358095.9,396795.84
2026-07-22,370215.38,358642.75,383714.3
2026-07-23,366664.88,331332.4,394921.8
2026-07-24,337688.7,301051.6,375337.12
2026-07-25,350095.44,323189.53,393545.0
2026-07-26,366072.88,338944.28,400489.22
2026-07-27,365612.62,342659.16,393691.06
2026-07-28,358917.53,333378.72,389304.47
2026-07-29,351266.25,280863.7,393165.78
2026-07-30,353533.9,288683.66,408221.06
2026-07-31,336244.56,297153.47,400862.53
2026-08-01,342575.6,310998.66,390930.28
2026-08-02,337935.2,309019.62,377208.8
2026-08-03,333899.9,287909.7,366877.84
2026-08-04,334863.1,298849.84,364088.72
2026-08-05,346778.97,323793.56,368784.75
2026-08-06,338856.9,325392.1,359597.94
2026-08-07,312894.47,286702.2,349426.2
2026-08-08,319563.84,293067.06,357140.97
2026-08-09,329954.28,308731.53,346302.44
2026-08-10,331403.44,322087.66,340770.03
2026-08-11,336969.3,330441.6,345294.34
2026-08-12,342579.7,319913.53,370652.75
2026-08-13,336043.72,319934.28,363901.28
2026-08-14,310440.2,293460.0,320276.5
2026-08-15,316864.12,306144.66,329710.7
2026-08-16,352448.44,341061.7,369353.5
2026-08-17,352481.6,331042.16,386275.97
2026-08-18,353175.6,318930.2,411846.78
2026-08-19,338745.03,314388.7,372200.66
2026-08-20,338072.7,303832.94,367238.38
2026-08-21,319698.16,280621.12,351557.38
2026-08-22,330674.25,292699.2,360824.28
2026-08-23,332483.9,300214.4,364370.78
2026-08-24,335737.88,311321.53,354744.06
2026-08-25,339793.1,315070.6,363492.34
2026-08-26,337130.0,304333.75,367626.28
2026-08-27,333040.75,293703.6,369433.47
2026-08-28,312410.7,282833.12,334295.28
2026-08-29,334923.12,314543.7,351005.97
2026-08-30,356880.44,324954.22,385132.0
2026-08-31,360970.3,331093.62,382044.9
2026-09-01,358185.6,333339.28,372881.4
2026-09-02,361304.1,335975.16,393219.75
2026-09-03,367015.72,347629.66,380631.3
2026-09-04,342404.97,328292.12,355483.06
2026-09-05,352591.28,332151.2,367346.97
2026-09-06,360322.47,339369.97,376817.97
2026-09-07,359505.9,345380.94,380633.47
2026-09-08,358542.97,325406.1,378306.88
2026-09-09,362258.3,348876.44,377205.9
2026-09-10,362388.8,344703.75,372547.97
2026-09-11,336368.8,303286.38,354012.4
2026-09-12,340734.97,298785.16,358774.44
2026-09-13,348074.72,297180.1,392538.6
2026-09-14,337041.38,300111.06,367662.06
2026-09-15,330289.56,296770.6,360681.53
2026-09-16,321385.72,256359.77,372623.3
2026-09-17,336317.38,287087.72,391095.12
2026-09-18,314739.4,299604.03,344209.03
2026-09-19,333131.1,303510.62,346358.25
2026-09-20,344102.53,322926.38,381461.62
2026-09-21,346011.44,322030.22,396576.78
2026-09-22,339248.4,320064.9,373309.06
2026-09-23,352112.72,323867.7,393300.75
2026-09-24,352872.0,325837.1,386259.78
2026-09-25,328581.34,308008.1,345422.78
2026-09-26,334775.6,278770.5,362232.7
2026-09-27,342864.44,291918.9,371447.16
2026-09-28,343696.2,310845.38,366031.4
2026-09-29,349609.75,328127.8,370746.4
2026-09-30,353997.0,334750.84,377724.3
2026-10-01,347556.53,327381.72,372391.34
2026-10-02,312047.62,281765.94,327512.25
2026-10-03,318304.38,309946.06,336157.5
2026-10-04,323017.12,302269.4,341166.75
2026-10-05,315940.66,277048.84,341724.56
2026-10-06,314898.38,275999.53,344011.47
2026-10-07,326786.88,302274.28,348044.0
2026-10-08,333741.44,323833.4,348331.22
2026-10-09,309117.4,291865.75,324605.78
2026-10-10,323964.38,310087.38,338590.56
2026-10-11,334448.62,308312.84,363686.9
2026-10-12,335156.44,321386.56,360878.3
2026-10-13,336676.88,318218.06,363453.2
2026-10-14,337354.44,315723.9,367986.2
2026-10-15,336641.72,317033.38,367418.1
2026-10-16,310339.53,293630.5,343794.34
2026-10-17,320959.97,310019.1,339175.16
2026-10-18,325814.2,312330.84,339585.25
2026-10-19,319144.62,284984.53,341138.75
2026-10-20,318910.53,291108.25,338248.44
2026-10-21,318552.4,297555.03,335762.12
2026-10-22,316768.12,281101.12,338087.5
2026-10-23,281375.38,252077.39,312967.72
2026-10-24,269769.25,192661.25,317358.84
2026-10-25,280431.22,211926.98,328799.1
2026-10-26,289622.56,258577.25,329288.97
2026-10-27,296888.2,264083.88,333260.44
2026-10-28,300814.88,263755.94,335276.12
2026-10-29,300125.5,265339.06,335416.2
2026-10-30,274141.62,248297.36,300065.28
2026-10-31,288190.9,270414.8,308310.47
2026-11-01,300114.8,265463.38,327956.38
2026-11-02,293480.7,258519.05,320290.88
2026-11-03,286829.9,256180.14,310135.9
2026-11-04,282972.62,258204.39,304732.53
2026-11-05,278701.34,252127.39,298519.12
2026-11-06,250907.52,225319.22,269566.9
2026-11-07,258699.0,231209.83,275548.5
2026-11-08,267194.47,245066.44,281757.34
2026-11-09,262065.12,247275.1,278006.66
2026-11-10,259337.19,249647.69,274557.44
2026-11-11,258314.84,244958.47,273590.62
2026-11-12,257438.4,241639.84,273461.25
2026-11-13,229799.69,217212.08,246205.61
2026-11-14,238438.22,227201.9,253668.8
2026-11-15,251163.7,240398.84,263399.75
2026-11-16,247645.44,240434.83,255884.2
2026-11-17,241547.98,214114.72,252654.77
2026-11-18,243587.56,235036.61,247665.47
2026-11-19,244840.58,240032.53,253060.14
2026-11-20,221431.7,217846.08,229712.88
2026-11-21,230343.92,225748.98,240215.06
2026-11-22,243041.9,236004.2,249748.17
2026-11-23,239375.06,233934.14,247342.53
2026-11-24,239122.58,233346.56,243935.77
2026-11-25,237915.36,230865.64,243968.1
2026-11-26,237507.69,231359.61,244558.16
2026-11-27,214603.72,210810.64,220198.4
2026-11-28,225787.66,218842.02,236977.16
2026-11-29,239025.84,231025.33,248691.47
2026-11-30,239701.84,230913.44,249853.7
2026-12-01,240716.36,229399.6,250330.94
2026-12-02,238857.38,228604.22,244425.27
2026-12-03,237549.7,228637.12,247657.67
2026-12-04,213740.98,206860.8,223835.89
2026-12-05,222370.14,215269.06,232421.75
2026-12-06,231004.56,218256.14,240339.94
2026-12-07,230202.4,225612.52,234385.89
2026-12-08,231051.3,225885.5,240527.95
2026-12-09,231617.38,226008.98,239541.8
2026-12-10,231166.66,227346.05,236152.11
2026-12-11,209549.94,206461.69,214120.84
2026-12-12,217188.73,213235.83,223060.86
2026-12-13,227924.88,223525.5,232684.56
2026-12-14,228027.58,222931.95,232961.67
2026-12-15,227943.72,222725.39,232991.22
2026-12-16,208314.81,197380.81,218855.39
2026-12-17,226641.81,222711.81,230681.69
2026-12-18,208847.12,204859.7,211682.56
2026-12-19,217592.81,212335.05,222774.69
2026-12-20,228731.77,223204.06,234544.66
2026-12-21,228703.72,224676.6,232878.83
2026-12-22,228499.8,225863.53,231222.84
2026-12-23,229185.19,226766.78,232606.03
2026-12-24,229172.88,226460.14,233445.16
2026-12-25,212529.23,206370.55,219945.08
2026-12-26,220181.08,213610.12,226397.72
2026-12-27,230374.88,225825.42,234322.86
2026-12-28,229640.81,224458.98,233515.53
2026-12-29,229249.72,223478.61,233728.97
2026-12-30,229521.95,223611.62,233150.38
2026-12-31,230243.2,223977.03,234493.88
2027-01-01,209689.12,207397.31,214534.14
2027-01-02,216830.78,214055.72,220211.84
2027-01-03,229494.86,227606.56,231634.0
2027-01-04,231201.84,229147.9,233680.61
2027-01-05,231672.62,226673.16,236115.64
2027-01-06,233335.58,225762.53,237415.33
2027-01-07,235269.62,229156.25,240821.31
2027-01-08,214702.52,210700.5,220223.19
2027-01-09,225754.84,219758.27,231370.17
2027-01-10,237310.95,233689.75,241956.9
2027-01-11,238943.55,232952.56,246185.66
2027-01-12,239851.48,236859.23,243391.78
2027-01-13,240069.31,235550.23,244446.0
2027-01-14,241014.81,237936.88,244571.92
2027-01-15,218552.72,216765.31,220143.19
2027-01-16,231365.62,225127.66,235525.75
2027-01-17,242778.73,238218.66,245878.3
2027-01-18,244485.48,241774.44,247376.28
2027-01-19,244631.84,242014.81,247010.4
2027-01-20,245518.42,243137.06,249071.22
2027-01-21,246200.66,245036.98,247579.97
2027-01-22,224266.73,222572.52,225463.89
2027-01-23,236397.48,234599.25,238783.42
2027-01-24,249101.86,246624.86,255122.25
2027-01-25,250113.1,246584.4,257574.08
2027-01-26,249899.4,244480.53,260065.05
2027-01-27,250707.16,246968.48,261629.77
2027-01-28,249905.34,245045.39,262204.28
2027-01-29,227407.22,224543.77,233317.4
2027-01-30,241432.36,234298.72,248940.14
2027-01-31,255004.6,249564.83,261921.34
2027-02-01,253962.5,248314.19,261012.45
2027-02-02,251632.05,247523.77,260118.38
2027-02-03,250485.19,246366.27,255596.64
2027-02-04,249942.08,243852.52,254946.17
2027-02-05,227448.6,213514.22,232683.25
2027-02-06,242470.06,226746.27,253768.47
2027-02-07,251644.72,241596.5,265107.9
2027-02-08,251940.98,240035.97,258192.83
2027-02-09,251032.23,240532.3,256724.31
2027-02-10,251015.48,240533.23,256504.3
2027-02-11,251315.3,240976.58,255606.16
2027-02-12,234146.84,226742.36,240519.7
2027-02-13,246071.81,235023.81,252505.67
2027-02-14,254784.06,248303.77,262183.28
2027-02-15,254806.22,247928.7,259088.45
2027-02-16,254547.14,249647.2,258410.84
2027-02-17,255960.5,248951.77,261132.73
2027-02-18,258207.06,249137.97,264936.03
2027-02-19,238289.02,225892.86,246550.06
2027-02-20,250981.1,234828.69,258703.55
2027-02-21,240438.23,216641.94,257652.44
2027-02-22,264255.5,252209.88,277100.88
2027-02-23,262637.53,249502.98,277244.97
2027-02-24,265940.1,254745.67,281283.2
2027-02-25,264677.6,246921.14,279187.7
2027-02-26,246982.02,228035.02,261441.69
2027-02-27,259750.8,246541.14,270409.12
2027-02-28,273793.84,257902.45,289364.75
2027-03-01,276341.38,258990.14,295738.5
2027-03-02,280306.94,261715.36,295545.94
2027-03-03,281224.88,263679.25,294875.03
2027-03-04,283305.34,263962.53,296916.1
2027-03-05,263864.4,243229.34,287075.62
2027-03-06,267045.47,254949.6,285902.2
2027-03-07,266042.97,253007.53,284552.72
2027-03-08,256942.45,240926.72,270863.62
2027-03-09,251999.94,235388.56,264736.25
2027-03-10,259091.42,249461.56,272726.78
2027-03-11,268958.03,250473.27,286767.56
2027-03-12,265836.62,247052.6,279793.78
2027-03-13,285161.72,268894.47,304999.7
2027-03-14,316181.38,303981.9,337896.72
2027-03-15,318745.62,300148.84,346394.94
2027-03-16,322402.47,289129.16,356615.47
2027-03-17,320166.97,289293.28,345421.78
2027-03-18,323172.97,298417.22,347593.2
2027-03-19,294618.22,238674.61,324854.2
2027-03-20,297916.47,236150.77,328616.34
2027-03-21,298716.03,249527.97,342522.94
2027-03-22,306283.0,261559.92,356077.5
2027-03-23,312946.34,263787.66,361093.84
2027-03-24,315265.2,272461.38,360894.16
2027-03-25,318369.8,278621.12,359041.75
2027-03-26,296915.12,260990.8,339012.53
2027-03-27,312622.06,287740.06,333674.5
2027-03-28,331354.4,304103.7,364248.8
2027-03-29,328524.7,301099.56,367847.22
2027-03-30,324979.88,287249.56,357403.3
2027-03-31,321679.1,257425.97,351322.44
2027-04-01,324256.75,247252.22,360942.66
2027-04-02,306833.84,240381.19,330408.84
2027-04-03,321521.28,267986.66,343063.97
2027-04-04,337918.28,295399.1,363888.8
2027-04-05,338944.3,304970.9,361373.22
2027-04-06,339300.6,319630.53,365547.22
2027-04-07,345991.3,328466.6,363608.16
2027-04-08,337789.38,311451.62,353774.12
2027-04-09,321080.6,312991.88,333969.0
2027-04-10,333344.53,325162.56,342149.78
2027-04-11,340980.56,300122.53,372604.47
2027-04-12,350767.03,328101.84,393165.38
2027-04-13,351120.88,302085.8,396968.8
2027-04-14,327425.5,289822.94,356373.06
2027-04-15,353766.47,320857.34,385220.2
2027-04-16,328275.84,284794.06,359234.25
2027-04-17,333617.12,266104.38,381100.94
2027-04-18,340005.28,287175.6,375473.53
2027-04-19,347181.3,302593.0,376533.47
2027-04-20,343426.72,292059.53,376672.8
2027-04-21,347515.75,308851.97,393587.44
2027-04-22,348561.53,321616.84,400743.66
2027-04-23,329579.97,274071.38,376016.4
2027-04-24,350412.0,318354.06,385628.9
2027-04-25,364951.1,327436.03,420176.88
2027-04-26,373925.9,339153.8,439369.62
2027-04-27,369538.72,314204.3,440178.22
2027-04-28,356109.28,291890.78,425382.47
2027-04-29,356995.03,274300.2,442601.62
2027-04-30,339398.16,269974.94,433838.16
2027-05-01,326413.7,281897.62,406576.47
2027-05-02,365209.84,303160.25,469893.7
2027-05-03,340495.2,304724.1,431929.6
2027-05-04,327462.0,280933.62,423985.56
2027-05-05,330503.12,300431.53,392864.8
2027-05-06,329995.72,304725.8,351897.5
2027-05-07,309368.88,290810.5,341914.6
2027-05-08,331632.75,258984.44,402312.5
2027-05-09,349641.6,292250.38,446405.3
2027-05-10,352872.47,284028.94,436705.7
2027-05-11,352202.2,305069.22,414945.56
2027-05-12,330935.62,302027.3,374375.44
2027-05-13,288854.28,260807.42,323436.47
2027-05-14,287009.75,260303.0,323627.78
2027-05-15,273436.4,248460.33,290207.66
2027-05-16,258917.2,236388.48,273674.66
2027-05-17,266499.38,237797.61,296689.38
2027-05-18,276249.25,239460.94,308656.12
2027-05-19,294225.5,274384.2,311230.38
2027-05-20,311996.75,288291.3,333227.72
2027-05-21,309940.62,290100.03,333412.06
2027-05-22,327760.3,304758.06,362667.94
2027-05-23,349679.62,316067.66,404289.03
2027-05-24,349978.38,312291.53,405600.12
2027-05-25,357882.7,319579.3,443584.1
2027-05-26,356536.56,322937.16,451247.25
2027-05-27,346353.0,321927.97,383477.25
2027-05-28,295383.66,192717.47,344889.22
2027-05-29,311870.94,255134.66,362790.72
2027-05-30,342133.56,246473.42,405783.16
2027-05-31,355037.8,298410.7,426496.25
2027-06-01,355836.72,327248.44,419655.44
2027-06-02,366778.7,336138.6,445732.34
2027-06-03,363115.6,317587.16,425720.5
2027-06-04,332359.22,301086.34,396307.6
2027-06-05,350568.75,315993.8,411133.75
2027-06-06,378128.1,338055.28,460332.47
2027-06-07,385454.8,349430.53,476148.66
2027-06-08,383291.6,353988.1,461200.8
2027-06-09,374130.1,343490.22,415608.53
2027-06-10,371494.9,343255.75,407360.47
2027-06-11,337397.53,312168.84,370606.8
2027-06-12,346931.97,329759.1,361147.22
2027-06-13,380154.75,356515.16,393539.0
2027-06-14,379650.4,366607.12,401962.34
2027-06-15,372250.97,359737.5,400512.88
2027-06-16,364743.03,336920.1,409325.12
2027-06-17,356604.2,310940.25,398811.06
2027-06-18,315765.97,281673.22,352271.9
2027-06-19,318493.94,297884.38,341600.06
2027-06-20,338717.03,313764.47,367348.72
2027-06-21,343882.2,320049.94,358987.62
2027-06-22,350178.56,333338.97,365065.72
2027-06-23,356148.2,340275.12,374554.0
2027-06-24,362898.47,343403.75,384039.78
2027-06-25,342994.28,331146.34,359948.22
2027-06-26,355008.7,347270.47,368517.56
2027-06-27,369955.8,333549.16,415358.12
2027-06-28,363953.28,330270.53,397002.88
2027-06-29,351995.1,325955.22,381946.12
2027-06-30,348301.9,330021.78,369071.47
2027-07-01,351107.2,336162.62,372672.0
2027-07-02,329015.9,302050.94,352822.97
2027-07-03,338303.9,309865.7,360959.9
2027-07-04,361764.97,341526.12,378402.84
2027-07-05,367334.0,348387.38,385104.84
2027-07-06,359237.88,343381.8,381637.72
2027-07-07,352322.12,326443.3,388440.34
2027-07-08,359054.56,306472.44,391978.22
2027-07-09,336463.8,278882.72,362123.94
2027-07-10,348946.0,298634.44,374401.84
2027-07-11,368534.75,336039.88,386235.84
2027-07-12,373104.53,353488.84,393687.66
2027-07-13,372859.62,351940.8,407032.34
2027-07-14,372362.72,331097.1,402228.5
2027-07-15,377946.0,322562.28,411191.38
2027-07-16,349799.47,316721.53,371886.7
2027-07-17,362378.8,330096.4,387099.1
2027-07-18,388572.56,365514.8,422943.62
2027-07-19,392439.4,367605.62,416001.88
2027-07-20,392919.3,357340.62,424528.12
2027-07-21,400223.03,382346.7,423686.84
2027-07-22,395268.25,382963.03,409754.38
2027-07-23,360246.2,324440.53,385581.12
2027-07-24,374027.72,331112.56,416650.22
2027-07-25,387698.97,361121.72,437709.7
2027-07-26,390868.47,361865.0,427589.75
2027-07-27,390359.2,365813.97,420307.12
2027-07-28,383193.4,355963.4,415623.56
2027-07-29,375078.72,300073.6,419749.12
2027-07-30,351812.6,293066.22,398911.1
2027-07-31,373096.25,329733.3,440390.3
2027-08-01,378823.7,344127.62,426665.06
2027-08-02,360845.75,330012.34,402764.0
2027-08-03,356539.62,307529.06,391624.0
2027-08-04,357565.28,319277.75,388752.03
2027-08-05,370294.9,345693.0,393876.94
2027-08-06,339862.84,321277.47,365523.5
2027-08-07,346965.2,320255.72,389717.53
2027-08-08,351904.6,323046.8,384835.7
2027-08-09,352333.38,329679.25,369724.62
2027-08-10,353863.16,343891.4,363837.1
2027-08-11,359792.28,352795.7,368740.06
2027-08-12,365786.56,341581.16,395758.8
2027-08-13,335662.88,310783.7,365927.38
2027-08-14,346114.9,324528.72,360258.0
2027-08-15,355863.28,345465.6,369119.03
2027-08-16,376320.47,364159.94,394417.5
2027-08-17,376344.6,353445.0,412493.4
2027-08-18,377079.44,340485.12,439725.94
2027-08-19,361659.3,335737.5,397462.75
2027-08-20,337686.75,306398.78,368690.12
2027-08-21,356000.9,313713.28,389100.72
2027-08-22,364081.25,326088.9,398946.9
2027-08-23,355005.4,320588.5,388904.06
2027-08-24,358464.16,332510.9,378649.44
2027-08-25,362803.3,336479.22,388160.03
2027-08-26,359951.0,325027.7,392433.8
2027-08-27,333189.72,292713.44,370991.53
2027-08-28,349935.4,319568.34,373147.84
2027-08-29,370624.62,351541.97,396262.22
2027-08-30,381051.53,346916.97,411132.2
2027-08-31,385425.6,353524.9,407911.34
2027-09-01,382417.47,355947.8,398120.6
2027-09-02,385736.8,358776.8,419978.2
2027-09-03,367436.62,342492.25,398830.44
2027-09-04,377150.62,362059.34,393007.2
2027-09-05,390680.84,364312.44,415802.0
2027-09-06,384677.72,362324.97,402394.22
2027-09-07,383805.4,368735.12,406516.75
2027-09-08,382799.53,347440.1,403937.97
2027-09-09,386775.03,372547.97,402782.4
2027-09-10,363768.56,339021.22,376922.22
2027-09-11,373919.4,347398.34,390985.84
2027-09-12,374808.44,330058.28,393154.16
2027-09-13,371567.75,317323.16,419193.06
2027-09-14,359766.72,320407.28,392535.22
2027-09-15,352631.44,316876.2,385019.28
2027-09-16,343167.84,273926.1,397822.66
2027-09-17,331292.97,281107.0,383098.56
2027-09-18,349317.53,336553.7,368812.53
2027-09-19,371736.62,344240.88,389056.16
2027-09-20,367347.84,344722.47,407317.72
2027-09-21,369392.53,343766.8,423412.97
2027-09-22,362165.4,341670.1,398677.56
2027-09-23,375917.38,345769.8,419836.8
2027-09-24,352153.8,318814.66,400512.5
2027-09-25,363146.12,347586.9,377074.66
2027-09-26,370215.9,322163.84,394774.97
2027-09-27,365983.97,311610.53,396521.94
2027-09-28,366905.97,331902.28,390739.12
2027-09-29,373228.97,350437.03,395917.0
2027-09-30,377893.97,357420.38,403140.56
2027-10-01,345697.44,325409.2,372840.5
2027-10-02,344436.6,308569.66,363809.34
2027-10-03,356738.3,345232.75,370074.56
2027-10-04,344847.72,322672.12,364215.47
2027-10-05,337356.56,295919.9,364842.3
2027-10-06,336221.88,294828.1,367226.84
2027-10-07,348921.2,322811.56,371558.38
2027-10-08,328728.2,313361.06,346223.22
2027-10-09,344870.56,327294.94,358410.2
2027-10-10,358800.03,345173.5,379256.22
2027-10-11,357050.1,329177.78,388233.7
2027-10-12,357812.72,343161.8,385162.5
2027-10-13,359452.7,339827.9,388095.25
2027-10-14,360179.38,337230.62,392801.1
2027-10-15,334055.25,313219.75,369657.28
2027-10-16,345711.53,329536.84,376864.7
2027-10-17,357241.16,349193.3,375772.25
2027-10-18,347885.2,333639.5,362578.34
2027-10-19,340770.56,304364.22,364247.44
2027-10-20,340547.03,310964.56,361177.2
2027-10-21,340183.6,317928.97,358537.72
2027-10-22,311777.4,277718.38,335157.2
2027-10-23,313477.53,287181.06,345144.22
2027-10-24,302092.5,225581.11,352637.25
2027-10-25,299499.3,226318.7,351095.34
2027-10-26,309309.22,276233.1,351626.8
2027-10-27,317059.8,282099.84,355853.1
2027-10-28,321233.2,281664.38,358041.6
2027-10-29,293635.12,260553.11,322294.75
2027-10-30,307736.03,282660.25,329918.56
2027-10-31,324332.72,303015.44,352652.75
2027-11-01,320477.94,283425.53,350197.47
2027-11-02,313391.1,276044.25,342059.06
2027-11-03,306296.25,273529.8,331156.75
2027-11-04,302181.44,275684.88,325470.0
2027-11-05,270065.4,245717.02,288718.62
2027-11-06,281048.6,249742.69,300429.5
2027-11-07,291119.34,262014.8,308521.38
2027-11-08,285276.9,261539.94,300867.06
2027-11-09,279785.03,263891.06,296852.38
2027-11-10,276865.3,266457.34,293228.94
2027-11-11,275761.53,261463.38,292110.78
2027-11-12,246917.34,233470.77,263114.3
2027-11-13,256420.8,241474.2,275823.22
2027-11-14,268917.8,256621.02,285681.97
2027-11-15,268095.12,256583.56,281230.1
2027-11-16,264334.2,256554.45,273092.47
2027-11-17,257839.8,228727.42,269671.3
2027-11-18,259995.64,250969.89,264343.44
2027-11-19,235267.6,231851.7,243671.62
2027-11-20,248581.55,243397.81,258025.95
2027-11-21,260403.72,254939.36,267849.72
2027-11-22,259401.31,251848.39,266582.7
2027-11-23,255454.66,249615.53,264039.34
2027-11-24,255182.55,248963.4,260377.48
2027-11-25,253886.95,246278.16,260368.3
2027-11-26,229428.48,223789.97,234370.9
2027-11-27,240357.64,234325.55,248510.56
2027-11-28,254654.42,247712.23,267345.94
2027-11-29,255076.4,246493.42,265423.34
2027-11-30,255796.81,246331.27,266700.9
2027-12-01,256884.05,244753.0,267186.38
2027-12-02,254894.66,243881.36,260845.72
2027-12-03,229064.44,221536.56,237536.73
2027-12-04,239139.36,229766.56,252448.11
2027-12-05,250661.16,244277.98,260937.53
2027-12-06,246504.31,232936.12,256496.48
2027-12-07,245627.86,240704.42,250112.12
2027-12-08,246514.5,240940.06,256648.69
2027-12-09,247119.0,241094.53,255561.31
2027-12-10,224507.4,220969.8,229989.3
2027-12-11,232665.9,227754.88,239840.78
2027-12-12,244216.16,241039.81,249537.7
2027-12-13,243154.28,238443.67,248235.1
2027-12-14,243257.98,237787.84,248534.53
2027-12-15,243174.86,237611.5,248589.02
2027-12-16,222181.94,210533.17,233365.03
2027-12-17,221688.7,218818.23,224850.42
2027-12-18,231661.2,226533.78,235613.38
2027-12-19,244039.31,240282.42,247039.17
2027-12-20,244017.5,238133.03,250240.97
2027-12-21,243972.6,239661.28,248469.33
2027-12-22,243751.86,240888.38,246679.44
2027-12-23,244488.28,241956.9,248152.0
2027-12-24,223107.6,218882.31,227677.12
2027-12-25,232736.0,221243.3,243010.48
2027-12-26,245559.14,239966.62,250989.53
2027-12-27,245757.02,240868.84,249981.2
2027-12-28,244968.8,239410.7,249129.67
2027-12-29,244543.95,238380.25,249327.42
2027-12-30,244833.94,238510.52,248705.47
2027-12-31,224123.31,219985.58,226681.16
2028-01-01,233794.08,228721.52,239708.17
2028-01-02,243913.31,240719.36,246147.39
2028-01-03,244801.6,242836.72,247082.52
2028-01-04,246618.27,244417.34,249320.77
2028-01-05,247129.92,241813.42,251900.77
2028-01-06,248903.42,240734.48,253292.89
2028-01-07,228516.64,225346.53,234104.19
2028-01-08,240568.48,234336.27,250751.02
2028-01-09,252381.0,245910.4,255776.12
2028-01-10,253137.98,249226.84,258137.67
2028-01-11,254888.58,248511.98,262646.72
2028-01-12,255845.6,252654.03,259659.62
2028-01-13,256062.3,251178.45,260759.17
2028-01-14,233397.1,231235.19,235712.94
2028-01-15,244422.2,241868.06,246712.61
2028-01-16,258616.58,253813.02,261988.06
2028-01-17,258946.3,254087.88,262252.03
2028-01-18,260770.38,257895.08,263844.72
2028-01-19,260926.78,258120.7,263456.03
2028-01-20,261856.34,259305.48,265633.8
2028-01-21,238426.88,236282.56,241603.89
2028-01-22,251554.73,250175.83,253780.34
2028-01-23,264140.03,262057.77,266388.5
2028-01-24,265694.1,263014.2,272188.94
2028-01-25,266776.75,262941.72,274817.84
2028-01-26,266544.12,260715.9,277484.88
2028-01-27,267420.12,263401.25,279163.44
2028-01-28,246742.16,236124.22,259684.38
2028-01-29,257955.7,251723.75,270607.78
2028-01-30,267771.22,261746.56,274342.03
2028-01-31,269346.34,261953.56,274773.03
2028-02-01,269100.9,262845.7,277220.1
2028-02-02,269022.22,261442.69,276364.03
2028-02-03,268172.75,260487.02,278160.25
2028-02-04,247047.2,232470.31,256737.3
2028-02-05,257661.38,240876.89,267913.1
2028-02-06,268398.56,257599.86,275664.9
2028-02-07,269647.97,258008.95,276647.0
2028-02-08,268724.3,255987.47,275398.2
2028-02-09,267745.6,256519.73,273814.06
2028-02-10,267719.75,256510.66,273622.2
2028-02-11,248797.31,236183.0,256586.02
2028-02-12,261975.64,251066.86,267697.28
2028-02-13,272221.9,263497.47,283374.44
2028-02-14,271759.44,264807.72,279686.0
2028-02-15,271785.25,264478.3,276394.38
2028-02-16,271521.53,266307.75,275677.0
2028-02-17,273025.75,265430.2,278531.88
2028-02-18,252870.42,241721.19,257418.86
2028-02-19,266147.25,251589.14,272670.1
2028-02-20,277239.22,261855.9,285743.25
2028-02-21,256547.95,231050.0,274963.38
2028-02-22,281963.72,269031.44,295734.84
2028-02-23,269758.4,254323.05,285709.22
2028-02-24,266274.84,253276.45,279195.9
2028-02-25,258805.34,247971.98,269171.06
2028-02-26,258977.72,242181.75,273794.22
2028-02-27,266412.6,247014.9,276200.7
2028-02-28,270796.53,253041.8,283419.03
2028-02-29,273286.5,254521.78,296622.03
2028-03-01,284938.94,256336.78,305917.9
2028-03-02,305764.88,290420.28,319310.03
2028-03-03,280233.0,264190.47,298516.56
2028-03-04,294949.1,274811.56,312266.8
2028-03-05,314215.34,301957.94,327491.66
2028-03-06,314609.38,296807.94,329437.53
2028-03-07,311918.66,295822.0,323537.7
2028-03-08,316929.75,298101.8,327232.84
2028-03-09,315826.97,300287.75,326394.12
2028-03-10,292964.34,267885.47,312164.38
2028-03-11,310929.62,286077.03,326104.44
2028-03-12,332860.28,307653.44,354058.66
2028-03-13,337477.4,324547.28,360644.72
2028-03-14,340211.2,320437.5,369677.72
2028-03-15,344110.3,308587.0,380665.4
2028-03-16,341739.53,308802.2,368682.78
2028-03-17,321744.38,291940.34,353860.84
2028-03-18,322702.8,259629.66,352378.78
2028-03-19,331023.2,259939.33,365280.6
2028-03-20,318857.62,266470.56,365625.7
2028-03-21,327009.97,279248.62,380263.75
2028-03-22,334146.3,281591.3,385589.2
2028-03-23,336610.12,291010.25,385159.94
2028-03-24,317387.75,267623.25,365216.5
2028-03-25,333980.97,296047.47,361800.78
2028-03-26,315773.44,282293.34,351473.56
2028-03-27,353780.1,324722.53,388901.1
2028-03-28,350748.88,321450.03,392717.94
2028-03-29,346973.1,306639.66,381617.34
2028-03-30,343439.6,274737.16,375007.22
2028-03-31,329456.1,248730.6,369568.44
2028-04-01,336561.84,273739.66,360714.9
2028-04-02,352607.88,292705.62,381412.9
2028-04-03,360849.3,315662.5,388664.53
2028-04-04,361899.3,325716.25,385999.8
2028-04-05,362265.53,341297.88,390448.53
2028-04-06,369379.25,350646.97,388279.28
2028-04-07,338722.47,311944.16,359622.97
2028-04-08,355831.53,345218.6,366279.0
2028-04-09,365947.97,355455.56,381764.44
2028-04-10,364072.12,320366.3,397986.94
2028-04-11,374554.0,350262.62,419980.94
2028-04-12,374948.16,322493.1,424028.0
2028-04-13,377735.4,335802.8,413972.4
2028-04-14,358057.12,327124.25,388440.34
2028-04-15,360670.25,319270.16,396746.62
2028-04-16,367688.53,296903.34,425670.6
2028-04-17,363051.25,306727.12,401093.12
2028-04-18,370714.44,323175.03,402225.4
2028-04-19,366697.53,311827.25,402365.84
2028-04-20,371074.44,329582.1,420380.84
2028-04-21,348429.84,311520.53,405833.88
2028-04-22,360065.88,297539.4,404792.12
2028-04-23,386464.12,343844.84,423390.38
2028-04-24,389676.47,349578.22,448858.28
2028-04-25,399275.3,362048.3,469254.22
2028-04-26,394612.53,335268.44,470073.88
2028-04-27,380269.44,311566.88,454483.75
2028-04-28,357652.44,275199.44,445093.47
2028-04-29,375228.56,318520.5,474581.0
2028-04-30,390157.56,329058.53,502599.12
2028-05-01,346338.38,282074.56,430141.5
2028-05-02,303187.6,270747.16,381899.9
2028-05-03,274237.1,252519.64,342292.72
2028-05-04,265553.03,237662.48,301815.12
2028-05-05,273693.88,250961.53,301853.66
2028-05-06,282335.8,249840.84,308799.56
2028-05-07,298177.47,259273.6,338275.22
2028-05-08,309900.56,266208.7,368190.12
2028-05-09,338437.38,270201.34,407577.28
2028-05-10,376100.88,325788.0,443179.84
2028-05-11,353339.2,322227.12,399837.4
2028-05-12,339708.9,308981.6,406480.72
2028-05-13,360242.0,334370.22,390450.4
2028-05-14,380691.3,360830.5,432582.6
2028-05-15,372952.8,344689.28,410555.03
2028-05-16,363158.47,332285.53,400604.94
2028-05-17,361834.25,326295.47,422467.56
2028-05-18,366698.03,348067.53,398782.56
2028-05-19,338786.25,318520.5,375163.88
2028-05-20,336584.97,311170.16,359483.06
2028-05-21,366071.3,339938.78,403236.7
2028-05-22,373292.62,337286.9,431822.12
2028-05-23,373639.28,333320.84,433192.72
2028-05-24,382034.72,341114.06,473775.16
2028-05-25,380631.44,344597.9,481853.25
2028-05-26,338230.28,322003.53,373291.28
2028-05-27,327002.62,199059.62,389542.53
2028-05-28,354374.6,288747.53,407691.97
2028-05-29,365396.25,263525.9,433336.97
2028-05-30,379113.72,318810.72,455549.94
2028-05-31,379930.28,349451.53,448309.8
2028-06-01,391603.8,358732.34,475983.38
2028-06-02,359646.16,324180.38,419520.97
2028-06-03,359711.3,309186.44,440002.4
2028-06-04,395774.2,351080.94,467668.62
2028-06-05,403716.2,360764.44,491541.16
2028-06-06,411528.53,373033.28,508515.4
2028-06-07,409239.72,377907.34,492636.9
2028-06-08,399451.25,366688.25,443692.78
2028-06-09,360444.7,334732.34,389755.06
2028-06-10,370163.84,341569.75,398395.97
2028-06-11,390771.16,365664.34,406137.38
2028-06-12,405952.7,380802.66,420248.22
2028-06-13,405367.8,391352.2,429153.56
2028-06-14,397478.03,384062.84,427780.22
2028-06-15,389454.8,359775.25,437043.56
2028-06-16,346591.84,302890.06,382804.2
2028-06-17,348495.28,316931.2,383299.22
2028-06-18,360293.8,337853.2,389390.22
2028-06-19,361730.56,335004.44,392390.75
2028-06-20,367205.84,341787.47,383343.06
2028-06-21,373946.44,356001.78,389955.84
2028-06-22,380364.56,363532.22,400044.53
2028-06-23,360182.97,343245.62,377426.2
2028-06-24,382086.0,368934.9,401825.16
2028-06-25,391091.12,381463.8,417748.34
2028-06-26,395062.03,356145.4,443538.34
2028-06-27,388592.25,352724.4,423871.94
2028-06-28,375857.38,348064.9,407938.16
2028-06-29,371925.6,352402.28,394065.56
2028-06-30,345146.97,325886.8,375459.16
2028-07-01,361685.56,331762.75,386973.2
2028-07-02,374978.8,333188.94,399562.94
2028-07-03,386341.12,364719.47,404148.72
2028-07-04,392309.16,372159.12,411336.1
2028-07-05,383634.53,366754.34,407492.6
2028-07-06,376273.53,348596.4,414766.72
2028-07-07,356037.56,305732.7,388000.53
2028-07-08,372842.38,308682.38,402288.7
2028-07-09,388779.38,330889.1,416317.4
2028-07-10,393540.62,358961.62,412292.44
2028-07-11,398425.97,377496.72,420453.06
2028-07-12,398140.9,375797.0,434802.84
2028-07-13,397619.47,353584.9,429379.97
2028-07-14,372168.8,322649.03,400720.34
2028-07-15,389590.1,349358.22,410564.44
2028-07-16,405287.6,371640.62,435450.2
2028-07-17,414897.97,390260.56,451540.8
2028-07-18,419016.75,392476.44,444270.75
2028-07-19,419519.62,381480.22,453371.2
2028-07-20,427321.7,408240.16,452402.0
2028-07-21,388717.84,373189.84,399879.3
2028-07-22,402484.56,369607.22,426713.53
2028-07-23,414124.9,361875.34,466510.5
2028-07-24,413939.03,385581.47,467418.97
2028-07-25,417343.4,386334.2,456525.0
2028-07-26,416780.97,390533.84,448723.88
2028-07-27,409110.8,380077.38,443722.0
2028-07-28,373972.16,301473.1,416438.1
2028-07-29,390577.62,329577.34,440777.22
2028-07-30,410383.7,362306.66,498334.2
2028-07-31,404473.16,367466.47,455592.94
2028-08-01,385308.88,352430.53,430048.78
2028-08-02,380714.0,328483.8,418037.72
2028-08-03,381806.0,341099.72,415085.25
2028-08-04,366886.72,339112.78,392432.66
2028-08-05,375415.16,356610.0,404070.1
2028-08-06,384230.8,360103.06,432245.28
2028-08-07,375767.97,344980.97,410753.6
2028-08-08,376229.3,352047.53,394730.56
2028-08-09,377844.25,367170.1,388465.2
2028-08-10,384160.25,376661.34,393776.66
2028-08-11,365427.28,342852.66,392542.75
2028-08-12,373076.25,345098.78,416222.16
2028-08-13,382933.72,362242.06,393814.56
2028-08-14,393216.12,384407.28,402340.9
2028-08-15,388819.84,368600.5,406505.53
2028-08-16,401823.0,377363.2,440488.97
2028-08-17,402600.3,363495.12,469489.66
2028-08-18,363855.9,334928.06,401476.94
2028-08-19,376764.1,339603.7,405814.5
2028-08-20,389331.56,347422.22,420743.88
2028-08-21,388738.38,348184.44,426010.47
2028-08-22,379051.7,342342.97,415088.84
2028-08-23,382728.2,355140.8,404164.9
2028-08-24,387371.03,359341.47,414500.2
2028-08-25,359534.3,319014.2,398317.7
2028-08-26,370839.8,319156.0,415494.78
2028-08-27,385641.12,356636.88,406629.6
2028-08-28,395715.12,375286.28,423128.4
2028-08-29,406859.6,370364.1,438886.75
2028-08-30,411537.75,377475.1,435529.9
2028-08-31,408288.4,380089.0,425206.78
2028-09-01,385573.97,356321.38,420670.84
2028-09-02,405247.16,382242.75,430142.28
2028-09-03,413011.0,398392.9,429570.4
2028-09-04,417116.25,388900.38,444087.38
2028-09-05,410679.56,386834.5,429706.06
2028-09-06,409747.6,393668.9,434160.16
2028-09-07,408696.88,370964.62,431304.38
2028-09-08,386984.4,361316.34,408223.44
2028-09-09,404291.97,388696.1,419700.28
2028-09-10,408977.16,382636.66,424057.56
2028-09-11,400127.16,352505.47,419774.72
2028-09-12,396646.1,338830.88,447657.9
2028-09-13,384024.12,342075.7,419092.34
2028-09-14,376483.6,338342.62,410998.12
2028-09-15,338798.2,268112.44,391601.56
2028-09-16,369583.2,312449.7,420668.8
2028-09-17,387992.1,377481.25,402563.53
2028-09-18,396865.2,367463.28,415416.34
2028-09-19,392162.75,367989.34,434926.8
2028-09-20,394353.0,366968.8,452064.3
2028-09-21,386629.84,364733.03,425771.66
2028-09-22,371706.75,336154.62,426862.88
2028-09-23,388989.47,355741.5,431889.28
2028-09-24,401135.03,384768.94,415067.8
2028-09-25,395194.2,343867.78,421476.8
2028-09-26,390662.03,332629.5,423288.22
2028-09-27,391682.75,354386.0,417113.8
2028-09-28,398443.12,374261.22,422796.0
2028-09-29,373263.44,342112.56,403330.16
2028-09-30,381501.25,352847.88,407436.6
2028-10-01,383981.88,348470.75,400378.1
2028-10-02,380819.6,368588.53,395016.0
2028-10-03,368152.3,344451.03,388818.75
2028-10-04,360222.8,316074.9,389522.84
2028-10-05,358988.56,314939.34,392007.0
2028-10-06,341733.1,316658.4,372194.97
2028-10-07,368472.62,355885.72,382514.8
2028-10-08,381050.3,365201.53,397477.56
2028-10-09,383059.25,368592.06,404837.7
2028-10-10,381178.47,351455.16,414436.2
2028-10-11,381999.47,366411.03,411079.7
2028-10-12,383768.38,362903.53,414407.72
2028-10-13,354789.3,336785.5,381974.9
2028-10-14,370961.12,353438.94,404344.94
2028-10-15,381748.12,366802.62,414603.4
2028-10-16,381408.12,372829.8,401107.66
2028-10-17,371450.4,356400.94,387127.5
2028-10-18,363860.97,325060.88,388920.78
2028-10-19,363650.3,332126.2,385658.7
2028-10-20,338259.56,311662.8,357700.66
2028-10-21,346417.25,304007.12,371198.22
2028-10-22,350364.38,315484.66,385090.16
2028-10-23,322596.4,241144.19,376551.06
2028-10-24,319863.8,241689.16,374903.16
2028-10-25,330334.3,295095.88,375479.6
2028-10-26,338601.75,301341.72,379976.28
2028-10-27,311756.3,277105.9,343193.22
2028-10-28,327766.12,295101.78,357592.2
2028-10-29,343354.8,315247.34,374669.03
2028-10-30,346351.4,323589.22,376566.53
2028-10-31,342222.9,302603.94,373946.53
2028-11-01,334652.53,294758.9,365306.72
2028-11-02,327084.03,292056.2,353602.1
2028-11-03,292432.6,263912.7,316254.0
2028-11-04,301634.88,270624.28,324707.34
2028-11-05,316926.3,283657.8,337906.66
2028-11-06,310851.75,279622.53,329483.1
2028-11-07,304583.94,279121.94,321273.78
2028-11-08,298704.38,281624.62,316976.88
2028-11-09,295579.2,284399.97,313171.34
2028-11-10,264252.44,254576.86,279761.5
2028-11-11,277159.28,256777.45,295114.75
2028-11-12,289083.56,274152.2,311023.0
2028-11-13,287050.1,273814.3,305055.25
2028-11-14,286168.78,273859.5,300268.25
2028-11-15,282148.75,273756.1,291458.0
2028-11-16,275231.5,244338.56,287834.22
2028-11-17,250803.52,245703.44,253947.14
2028-11-18,263878.38,258095.34,273821.12
2028-11-19,280320.44,274308.03,290833.8
2028-11-20,277938.34,272082.78,285942.28
2028-11-21,276862.6,268756.78,284552.2
2028-11-22,272615.0,266348.38,281864.28
2028-11-23,272321.9,265626.7,277927.4
2028-11-24,245971.06,237559.14,250998.62
2028-11-25,256543.19,250355.08,263709.66
2028-11-26,270397.88,265196.16,279774.56
2028-11-27,271743.84,264293.0,285340.78
2028-11-28,272205.75,262998.16,283282.3
2028-11-29,272973.53,262779.53,284685.47
2028-11-30,274138.2,261134.45,285176.5
2028-12-01,246025.02,236783.1,252621.52
2028-12-02,256722.34,244830.48,269493.12
2028-12-03,269035.1,259519.23,281654.97
2028-12-04,267475.6,260594.34,278519.88
2028-12-05,263046.38,248624.58,273741.22
2028-12-06,262087.64,256806.33,266894.28
2028-12-07,263012.94,256998.9,273850.38
2028-12-08,240423.0,234181.02,249555.78
2028-12-09,249290.73,245377.94,253538.44
2028-12-10,261991.8,256331.66,268650.97
2028-12-11,260549.16,257189.67,266260.25
2028-12-12,259401.73,254358.22,264824.38
2028-12-13,259506.14,253634.2,265147.84
2028-12-14,259424.2,253492.97,265231.8
2028-12-15,235042.22,230800.28,239300.9
2028-12-16,229190.95,219634.03,235998.34
2028-12-17,259282.48,256828.89,261924.61
2028-12-18,260345.16,256346.58,263556.06
2028-12-19,260325.22,254061.25,266987.72
2028-12-20,260261.45,255645.42,265103.6
2028-12-21,260022.48,256912.92,263169.75
2028-12-22,237964.02,234639.75,242401.03
2028-12-23,248258.64,244054.2,256223.12
2028-12-24,261003.06,257039.61,265464.88
2028-12-25,256794.78,247491.2,263007.4
2028-12-26,262166.47,256913.9,266685.4
2028-12-27,261320.45,255358.62,265788.88
2028-12-28,260858.92,254275.53,265966.84
2028-12-29,238887.48,231957.42,242462.06
2028-12-30,249163.66,242472.47,255427.31
2028-12-31,261945.34,255822.47,265409.2
2029-01-01,261387.56,254657.97,265695.84
2029-01-02,260179.42,256857.28,262364.84
2029-01-03,261220.78,259121.08,263601.03
2029-01-04,263102.34,260714.9,266049.56
2029-01-05,240985.56,237658.39,245418.42
2029-01-06,253459.3,243733.92,262351.34
2029-01-07,267792.75,260732.08,274325.8
2029-01-08,269135.9,262692.56,276313.16
2029-01-09,269264.62,262325.8,272909.72
2029-01-10,270068.75,265844.4,275447.8
2029-01-11,271945.94,265157.97,280258.44
2029-01-12,247969.34,244135.2,253014.03
2029-01-13,260860.88,257319.72,267267.2
2029-01-14,274237.44,270758.78,278381.56
2029-01-15,273673.97,270376.9,275626.53
2029-01-16,278241.8,269393.44,294208.75
2029-01-17,278832.56,270073.8,291726.06
2029-01-18,280150.4,271183.38,292994.7
2029-01-19,256664.34,251539.95,266340.25
2029-01-20,271576.6,264038.3,287546.1
2029-01-21,281818.78,274062.25,293033.5
2029-01-22,282900.1,273882.22,298353.47
2029-01-23,283128.22,274094.4,293190.9
2029-01-24,284124.6,275566.84,301915.88
2029-01-25,285166.4,277131.53,301033.5
2029-01-26,262817.16,255582.27,274085.75
2029-01-27,276902.84,268082.53,292014.16
2029-01-28,286243.53,272757.75,301348.62
2029-01-29,285360.47,278328.2,294156.28
2029-01-30,285646.03,279226.28,292662.62
2029-01-31,287335.53,279417.8,293175.53
2029-02-01,287071.28,280388.12,295783.06
2029-02-02,265376.25,257326.58,277270.6
2029-02-03,276151.3,268558.25,287764.75
2029-02-04,284897.0,270931.84,291744.97
2029-02-05,284276.75,270319.7,292348.0
2029-02-06,286328.25,274789.03,294068.22
2029-02-07,287654.66,275180.8,295100.97
2029-02-08,286676.75,273047.4,293802.22
2029-02-09,264446.06,253467.61,275781.9
2029-02-10,277134.06,266769.1,285182.72
2029-02-11,283248.5,273865.22,297657.78
2029-02-12,280896.5,264371.16,303266.4
2029-02-13,278204.66,261496.55,297572.9
2029-02-14,274929.84,251795.06,295335.75
2029-02-15,281119.25,265915.38,293598.0
2029-02-16,275684.5,265615.53,292827.66
2029-02-17,277088.4,263738.1,287700.56
2029-02-18,286523.38,269024.78,295285.6
2029-02-19,299710.9,287609.47,307173.8
2029-02-20,299919.47,282111.97,310088.6
2029-02-21,275055.03,254664.03,292903.88
2029-02-22,306585.62,288426.62,322559.22
2029-02-23,276896.2,256268.83,304672.38
2029-02-24,296630.8,274123.4,320403.28
2029-02-25,305341.78,275740.1,327837.9
2029-02-26,309613.5,278235.28,326711.47
2029-02-27,311549.84,289543.88,328243.0
2029-02-28,316559.12,297248.16,333979.16
2029-03-01,320063.2,299693.5,344484.22
2029-03-02,295529.94,273576.28,317707.12
2029-03-03,312248.25,294968.12,326409.66
2029-03-04,328407.16,311570.4,344887.56
2029-03-05,329435.3,302497.78,349330.25
2029-03-06,335582.97,322439.25,349664.2
2029-03-07,335979.9,316895.25,351734.8
2029-03-08,332971.12,315717.28,345513.38
2029-03-09,308833.84,290376.53,322140.78
2029-03-10,319630.62,300213.28,333223.88
2029-03-11,343658.53,318477.94,362452.16
2029-03-12,348994.25,324577.94,368079.5
2029-03-13,355322.8,328426.2,377979.78
2029-03-14,360273.25,346576.03,384991.72
2029-03-15,363188.47,342168.7,394593.94
2029-03-16,341356.72,312822.1,384291.06
2029-03-17,350472.16,321113.6,380927.25
2029-03-18,368255.1,340134.97,396074.1
2029-03-19,362150.75,295805.06,395837.75
2029-03-20,353414.6,277606.1,389995.66
2029-03-21,340418.16,284614.88,390355.8
2029-03-22,349201.88,298186.53,406166.84
2029-03-23,328350.53,273738.1,382831.6
2029-03-24,345528.8,297211.03,397022.56
2029-03-25,362999.88,317936.25,409544.56
2029-03-26,334860.44,292504.97,377705.22
2029-03-27,369512.8,338420.72,396554.84
2029-03-28,377790.62,346800.5,415296.7
2029-03-29,374543.38,343235.78,419346.2
2029-03-30,349890.16,306871.06,383896.22
2029-03-31,357598.62,280439.22,397941.03
2029-04-01,369616.88,281717.28,411371.4
2029-04-02,369736.7,299494.1,399907.16
2029-04-03,376558.2,312823.0,407401.28
2029-04-04,385404.9,337374.1,415202.06
2029-04-05,386477.3,347933.16,412379.34
2029-04-06,364824.28,338476.56,393353.7
2029-04-07,381438.6,357069.44,400938.62
2029-04-08,385135.03,354815.47,403562.9
2029-04-09,390231.16,376590.56,407579.22
2029-04-10,390788.62,379499.3,407794.66
2029-04-11,388797.1,342035.25,425174.75
2029-04-12,400025.38,373986.84,448705.5
2029-04-13,375164.03,319402.3,424526.5
2029-04-14,380985.2,346981.47,411183.53
2029-04-15,403483.84,365816.78,439681.9
2029-04-16,397057.8,348768.7,444431.8
2029-04-17,392695.3,317140.12,454821.94
2029-04-18,387728.75,327668.78,428538.47
2029-04-19,395913.03,345215.3,429747.4
2029-04-20,369055.75,310746.66,415302.62
2029-04-21,342261.28,292169.6,404141.0
2029-04-22,322945.12,291848.22,395187.06
2029-04-23,309505.38,283074.62,342467.06
2029-04-24,301532.06,271407.16,328171.03
2029-04-25,317178.25,286624.25,357412.2
2029-04-26,340106.12,305860.72,393863.03
2029-04-27,347643.56,300855.84,416116.56
2029-04-28,354543.84,281028.72,427168.72
2029-04-29,407116.28,312548.94,505149.34
2029-04-30,414765.72,340364.72,524104.8
2029-05-01,374339.16,319623.53,486716.44
2029-05-02,416549.75,345526.9,535892.9
2029-05-03,388278.38,347478.53,492668.44
2029-05-04,346173.44,283770.62,441082.56
2029-05-05,367597.47,335369.47,436116.78
2029-05-06,376047.75,347200.25,401264.94
2029-05-07,384368.88,352653.75,428269.66
2029-05-08,396696.28,324693.4,492807.47
2029-05-09,398715.62,333154.0,509342.4
2029-05-10,402374.44,323702.8,498156.44
2029-05-11,374652.0,323141.75,449693.75
2029-05-12,359062.1,332473.2,417153.6
2029-05-13,390116.84,361316.7,462561.88
2029-05-14,399694.38,369018.0,454299.6
2029-05-15,406553.8,385384.4,462117.88
2029-05-16,398220.72,367919.88,438644.1
2029-05-17,387742.88,354694.34,427814.06
2029-05-18,359736.28,322711.53,419387.4
2029-05-19,375802.75,357309.6,411362.78
2029-05-20,389016.38,367823.4,428537.7
2029-05-21,379331.1,350778.06,406278.4
2029-05-22,390828.84,362880.3,430530.12
2029-05-23,398570.7,359994.25,461312.94
2029-05-24,398970.4,355829.03,462745.88
2029-05-25,374598.16,331449.03,459903.38
2029-05-26,385676.03,347051.97,485772.38
2029-05-27,394821.6,367609.47,437360.03
2029-05-28,368167.9,236803.44,423114.7
2029-05-29,378531.97,308662.94,435392.47
2029-05-30,390310.2,281808.1,462844.75
2029-05-31,404893.53,340664.1,486667.75
2029-06-01,375682.4,345392.16,442164.94
2029-06-02,395391.25,365538.16,475993.84
2029-06-03,414025.75,362207.88,485553.75
2029-06-04,410143.6,350684.44,494876.47
2029-06-05,422638.47,374908.84,499704.34
2029-06-06,431112.4,385068.12,524956.7
2029-06-07,439444.0,398302.88,543179.1
2029-06-08,397531.56,367476.6,485959.5
2029-06-09,394161.3,360095.88,427657.06
2029-06-10,423569.47,391248.8,464680.66
2029-06-11,420887.9,388560.4,465449.22
2029-06-12,417329.6,390511.84,433663.56
2029-06-13,433577.72,406817.72,448848.84
2029-06-14,432903.25,417842.8,458263.3
2029-06-15,386482.1,365022.94,410452.47
2029-06-16,391996.3,353670.25,438488.06
2029-06-17,406738.03,354760.3,455022.84
2029-06-18,395930.0,349864.34,440995.88
2029-06-19,384836.03,361002.25,415887.62
2029-06-20,386375.3,357745.66,419213.06
2029-06-21,392180.38,365065.72,409421.2
2029-06-22,364115.75,347471.22,379199.44
2029-06-23,391595.47,377958.88,409443.44
2029-06-24,414013.88,391836.56,438010.34
2029-06-25,420530.2,405403.72,441373.75
2029-06-26,417710.16,407502.7,446155.94
2029-06-27,421946.1,380338.8,473712.34
2029-06-28,414972.4,376771.6,452639.8
2029-06-29,372491.72,340001.03,403983.4
2029-06-30,377034.1,357425.47,399926.62
2029-07-01,400459.6,383437.03,424937.66
2029-07-02,405203.47,375793.75,430064.78
2029-07-03,400514.62,355985.16,426645.97
2029-07-04,412659.47,389556.28,431721.7
2029-07-05,419055.62,397620.88,439431.25
2029-07-06,378972.28,363107.44,405640.4
2029-07-07,388337.4,360720.72,421888.56
2029-07-08,409588.6,349727.56,446769.88
2029-07-09,415086.28,342656.22,450962.44
2029-07-10,415239.75,353580.2,444561.47
2029-07-11,420317.16,383515.28,440183.66
2029-07-12,425540.53,403206.72,449116.44
2029-07-13,391294.8,374757.66,421943.3
2029-07-14,404780.97,354378.9,434114.22
2029-07-15,431053.03,367970.03,468607.5
2029-07-16,433202.84,392354.84,465276.2
2029-07-17,432811.53,396877.94,465008.7
2029-07-18,443084.53,416754.38,482157.56
2029-07-19,447472.72,419102.72,474543.88
2029-07-20,407895.03,368851.9,446001.9
2029-07-21,435555.62,410770.44,462938.3
2029-07-22,450653.2,436741.5,467339.16
2029-07-23,446395.62,403405.56,480820.38
2029-07-24,442256.38,386477.16,498363.16
2029-07-25,442032.7,411770.2,499233.7
2029-07-26,445689.6,412529.2,487504.34
2029-07-27,413193.97,387616.62,444471.62
2029-07-28,422461.7,390931.78,457404.44
2029-07-29,427731.3,342588.94,478520.34
2029-07-30,430592.88,352160.03,497587.7
2029-07-31,438261.9,387005.7,532445.56
2029-08-01,431935.6,392456.97,486569.38
2029-08-02,411502.4,376436.88,459261.66
2029-08-03,381034.2,328756.2,424565.38
2029-08-04,394244.72,350555.7,425852.5
2029-08-05,422292.47,394104.62,449375.22
2029-08-06,412551.25,396227.84,437422.2
2029-08-07,410360.84,384517.62,461745.2
2029-08-08,401319.62,368468.34,438492.7
2029-08-09,401816.12,375999.53,421501.28
2029-08-10,375194.03,366101.9,390872.16
2029-08-11,397918.2,386960.66,405785.47
2029-08-12,417094.8,389481.6,451271.3
2029-08-13,409048.0,389655.12,443053.9
2029-08-14,408949.9,386808.66,420594.6
2029-08-15,405835.1,394064.06,420694.47
2029-08-16,429099.97,415228.6,449837.5
2029-08-17,405160.47,382626.47,438123.6
2029-08-18,418529.44,377753.5,473500.97
2029-08-19,412313.38,382942.94,453326.66
2029-08-20,411547.97,370248.6,446963.8
2029-08-21,415769.4,371183.3,449268.56
2029-08-22,415138.03,371840.22,454989.0
2029-08-23,404797.56,365636.1,443113.47
2029-08-24,381840.16,345233.75,410036.97
2029-08-25,400006.88,373249.62,424057.56
2029-08-26,410402.47,370798.44,447260.6
2029-08-27,405440.0,358042.97,449182.8
2029-08-28,411826.25,380983.16,434139.88
2029-08-29,422578.44,400703.9,451896.62
2029-08-30,434492.3,395465.28,468596.38
2029-08-31,413211.0,371110.4,445765.94
2029-09-01,424909.84,394661.66,453247.12
2029-09-02,439747.7,409199.44,479168.84
2029-09-03,446781.6,422942.84,463824.34
2029-09-04,441021.88,425300.9,458704.06
2029-09-05,445418.88,415221.47,474380.5
2029-09-06,438516.8,413076.44,458952.12
2029-09-07,408583.44,393439.6,421989.97
2029-09-08,421390.4,387797.06,442339.97
2029-09-09,440976.53,424806.78,459336.12
2029-09-10,440956.6,419379.8,453542.44
2029-09-11,436661.38,408635.53,452747.72
2029-09-12,427231.16,376543.88,448277.3
2029-09-13,423491.12,361859.8,478139.9
2029-09-14,382294.53,336948.06,431108.6
2029-09-15,384552.12,324450.72,432682.44
2029-09-16,391328.72,312810.16,453525.12
2029-09-17,409502.44,349879.38,476040.16
2029-09-18,414312.38,403147.84,429882.72
2029-09-19,423766.9,392320.4,443642.03
2029-09-20,418726.84,392894.38,464489.22
2029-09-21,389690.75,355697.38,451332.8
2029-09-22,397231.56,372949.66,428301.5
2029-09-23,428537.28,394185.8,478484.28
2029-09-24,429387.97,396525.72,470322.7
2029-09-25,428293.38,410840.56,443100.4
2029-09-26,421931.88,367099.03,450064.47
2029-09-27,417077.56,355128.28,451941.03
2029-09-28,389241.4,343152.7,418444.16
2029-09-29,408533.53,387563.8,430204.25
2029-09-30,430711.2,407539.62,459297.2
2029-10-01,422826.2,397860.94,453278.28
2029-10-02,409946.12,372006.88,427502.9
2029-10-03,406597.0,393591.94,421711.97
2029-10-04,393099.75,367764.12,415155.7
2029-10-05,351105.7,310957.75,388780.22
2029-10-06,369829.7,333465.2,404353.47
2029-10-07,397857.53,368232.62,423533.34
2029-10-08,406266.53,394469.4,423803.2
2029-10-09,406890.16,389930.53,424347.22
2029-10-10,409030.53,393631.75,432220.5
2029-10-11,407008.56,375305.6,442484.7
2029-10-12,375540.0,359181.12,409675.4
2029-10-13,389864.7,373975.4,412881.47
2029-10-14,410636.75,384801.22,447640.34
2029-10-15,409764.28,386240.62,446748.6
2029-10-16,407652.84,391730.8,442656.5
2029-10-17,407280.7,398135.03,428225.12
2029-10-18,396680.56,380780.88,413410.62
2029-10-19,357162.0,316537.6,387599.25
2029-10-20,373545.44,339612.78,399864.47
2029-10-21,388017.47,363014.28,408897.1
2029-10-22,385751.3,342453.03,411578.6
2029-10-23,374172.75,336957.03,411266.28
2029-10-24,344552.28,257826.45,402156.38
2029-10-25,341673.3,258151.22,400395.28
2029-10-26,322652.25,292312.0,366212.25
2029-10-27,345249.3,311520.8,385777.5
2029-10-28,366386.4,321272.56,408387.0
2029-10-29,365583.03,323319.9,408477.75
2029-10-30,366719.16,336660.56,400126.94
2029-10-31,369930.3,345622.12,402172.88
2029-11-01,365507.88,323138.03,399376.62
2029-11-02,328253.38,285131.9,359205.12
2029-11-03,331768.78,296877.56,361186.12
2029-11-04,344662.25,314280.44,371338.44
2029-11-05,339375.44,306795.56,363791.62
2029-11-06,338464.1,302784.38,360940.28
2029-11-07,331981.12,298467.3,351930.75
2029-11-08,325256.03,297939.78,343125.8
2029-11-09,287867.06,267753.4,305086.94
2029-11-10,298876.06,286682.22,318681.8
2029-11-11,314328.28,297940.9,333059.97
2029-11-12,313258.97,293624.88,333113.34
2029-11-13,308648.47,292567.2,332218.03
2029-11-14,306460.3,292212.78,325800.75
2029-11-15,305516.03,292351.6,320653.03
2029-11-16,272268.75,261830.19,280562.25
2029-11-17,278063.66,250519.39,290827.97
2029-11-18,296259.25,286205.8,301198.66
2029-11-19,297752.25,291729.12,308051.84
2029-11-20,299257.66,292803.6,310578.97
2029-11-21,296707.47,290431.94,305312.53
2029-11-22,295552.47,286852.34,303787.16
2029-11-23,263939.3,258394.83,272785.3
2029-11-24,275624.4,265474.25,285440.97
2029-11-25,289172.16,280310.56,296605.3
2029-11-26,288648.47,280922.66,297379.16
2029-11-27,288587.25,282982.3,298611.1
2029-11-28,290032.03,282034.22,304649.4
2029-11-29,290537.47,280658.34,302397.4
2029-11-30,263122.88,254189.92,272333.8
2029-12-01,277607.03,262708.6,287492.66
2029-12-02,290324.88,277617.75,297148.1
2029-12-03,288702.6,277639.97,301153.84
2029-12-04,287128.72,276903.0,300673.12
2029-12-05,285469.16,278050.7,297341.12
2029-12-06,280748.56,265416.5,292198.0
2029-12-07,253195.34,247889.47,258607.08
2029-12-08,265489.8,260049.16,281860.78
2029-12-09,281354.88,274405.12,290938.4
2029-12-10,280831.72,276046.1,287109.3
2029-12-11,279580.72,273477.16,286728.44
2029-12-12,278024.03,274470.78,284154.1
2029-12-13,276783.9,271383.1,282571.6
2029-12-14,251968.28,247526.39,258561.45
2029-12-15,261699.22,255592.28,269677.47
2029-12-16,252794.02,239571.28,265381.56
2029-12-17,275176.6,270300.06,280250.97
2029-12-18,276643.88,274060.16,279466.06
2029-12-19,277790.1,273533.75,281227.66
2029-12-20,277772.12,271103.2,284905.47
2029-12-21,254070.08,251549.78,257221.55
2029-12-22,264901.2,260806.69,269293.78
2029-12-23,278278.4,275508.28,282480.78
2029-12-24,278230.62,274941.06,283476.9
2029-12-25,271355.25,260829.06,280115.5
2029-12-26,279466.7,273042.22,285716.84
2029-12-27,279721.2,274076.62,284555.7
2029-12-28,254515.86,248707.84,259489.05
2029-12-29,266680.47,261318.08,273191.97
2029-12-30,278640.53,271400.97,283047.94
2029-12-31,279515.7,271728.8,284890.25
2030-01-01,279498.9,271545.4,283681.06
2030-01-02,277574.38,274060.16,280064.47
2030-01-03,278597.22,276473.97,281190.38
2030-01-04,255962.48,252588.98,259826.81
2030-01-05,267314.2,260531.5,274465.06
2030-01-06,288180.1,274325.8,298795.12
2030-01-07,290926.88,276970.38,302733.53
2030-01-08,293424.3,279226.28,306386.2
2030-01-09,292580.28,282082.38,308404.56
2030-01-10,292121.03,282147.2,306766.3
2030-01-11,269182.53,260839.5,276899.06
2030-01-12,286404.9,272812.38,312686.97
2030-01-13,295416.75,283924.12,314133.3
2030-01-14,295542.53,283828.28,307909.4
2030-01-15,296234.12,284135.94,311965.0
2030-01-16,296766.4,287309.8,313897.34
2030-01-17,297406.53,288018.72,311258.3
2030-01-18,273519.47,266654.62,282433.94
2030-01-19,287846.6,278739.62,304092.94
2030-01-20,300369.78,290595.38,319416.0
2030-01-21,300577.97,292298.62,312568.94
2030-01-22,301731.44,292105.8,318220.5
2030-01-23,301980.8,292334.03,312739.2
2030-01-24,303040.9,293928.03,322064.94
2030-01-25,279391.03,272681.28,290575.44
2030-01-26,293939.7,284352.78,307093.0
2030-01-27,305881.5,296402.6,324242.25
2030-01-28,305303.22,290918.12,321488.3
2030-01-29,304357.8,296843.34,313808.75
2030-01-30,304660.38,297821.3,312151.25
2030-01-31,306473.4,297994.06,312763.94
2030-02-01,287029.03,279160.75,299768.4
2030-02-02,294672.7,286038.03,309045.25
2030-02-03,297537.9,276142.2,322551.2
2030-02-04,294979.28,267905.94,332831.97
2030-02-05,297763.56,281487.12,312783.03
2030-02-06,298043.2,282874.66,311348.53
2030-02-07,295587.7,287043.9,305384.47
2030-02-08,278499.4,272011.94,288520.2
2030-02-09,292790.88,284807.12,308659.4
2030-02-10,306666.38,298017.1,317896.22
2030-02-11,308014.03,295575.8,320277.72
2030-02-12,310643.47,299187.78,319923.62
2030-02-13,314546.16,302682.2,328300.0
2030-02-14,313735.3,302933.72,323944.0
2030-02-15,282834.22,271905.62,287481.7
2030-02-16,301835.44,286497.47,312821.2
2030-02-17,315165.75,306339.47,322717.03
2030-02-18,318998.88,306127.72,329318.78
2030-02-19,319756.28,306728.28,327781.9
2030-02-20,319973.34,300855.3,330900.4
2030-02-21,293498.3,271602.94,312722.2
2030-02-22,296946.16,278390.56,319831.78
2030-02-23,311290.62,282888.16,343559.7
2030-02-24,329439.9,304132.7,355366.47
2030-02-25,325857.4,294170.88,349919.38
2030-02-26,330444.75,296873.03,348692.8
2030-02-27,332505.4,309037.0,350402.9
2030-02-28,337844.84,317226.34,356460.06
2030-03-01,310206.16,288425.8,337542.06
2030-03-02,331318.62,307505.9,352540.47
2030-03-03,348515.8,330898.56,364615.16
2030-03-04,350492.8,332625.1,368110.1
2030-03-05,351630.7,322836.5,372792.53
2030-03-06,358212.56,344249.72,373165.66
2030-03-07,358617.44,338282.28,375366.78
2030-03-08,325814.3,306721.28,341048.3
2030-03-09,343240.97,323858.72,356274.5
2030-03-10,359847.12,342258.1,371974.28
2030-03-11,366784.56,339950.1,386875.4
2030-03-12,372478.38,346420.03,392878.66
2030-03-13,379234.16,350539.66,403444.38
2030-03-14,384541.12,370035.4,410909.53
2030-03-15,358273.16,327159.84,392115.44
2030-03-16,372856.84,337136.72,414535.78
2030-03-17,389413.44,351923.34,420086.34
2030-03-18,393068.9,363102.22,422758.97
2030-03-19,386539.8,315794.7,422579.16
2030-03-20,377254.62,296422.12,416309.47
2030-03-21,363373.2,303942.2,416685.62
2030-03-22,343288.8,291012.75,397895.88
2030-03-23,364386.8,308730.94,418992.03
2030-03-24,383802.84,332042.88,438775.88
2030-03-25,387575.47,339598.22,437365.88
2030-03-26,357619.9,312506.0,403413.66
2030-03-27,394526.3,361393.22,423454.2
2030-03-28,403360.2,370314.25,443406.84
2030-03-29,377480.53,341644.4,423457.4
2030-03-30,385229.53,340820.4,418354.75
2030-03-31,391546.16,312989.22,427352.06
2030-04-01,394588.84,300684.88,439132.94
2030-04-02,394766.16,319816.84,427044.1
2030-04-03,402064.75,334264.7,435084.03
2030-04-04,411559.0,360514.06,443474.5
2030-04-05,390028.03,351174.06,413525.38
2030-04-06,401008.44,375689.84,423460.22
2030-04-07,421081.6,399674.6,442839.34
2030-04-08,411206.0,378678.28,430991.1
2030-04-09,416652.1,402019.1,435130.53
2030-04-10,367885.0,359950.6,379505.12
2030-04-11,350773.62,314738.16,373006.94
2030-04-12,339410.38,314476.53,364052.25
2030-04-13,334144.53,292733.8,366808.2
2030-04-14,334727.6,290859.9,371739.5
2030-04-15,357086.44,312422.9,399645.62
2030-04-16,366471.97,317346.2,398121.72
2030-04-17,388459.47,308816.94,446629.78
2030-04-18,414011.6,349979.16,457782.38
2030-04-19,399599.6,338648.66,442516.38
2030-04-20,404212.1,336539.56,451497.75
2030-04-21,423166.9,375372.2,479649.3
2030-04-22,424384.16,391498.5,488528.22
2030-04-23,424886.75,362260.72,480330.9
2030-04-24,440659.25,391744.25,482962.9
2030-04-25,444347.4,398530.88,512318.53
2030-04-26,427064.88,380624.03,496715.72
2030-04-27,434186.84,367569.16,518762.1
2030-04-28,433697.7,355053.1,518885.28
2030-04-29,434720.62,333600.34,539615.56
2030-04-30,442936.4,363459.4,559662.0
2030-05-01,399748.2,341292.03,519923.53
2030-05-02,444827.4,368847.7,572240.5
2030-05-03,385208.25,344629.44,494951.5
2030-05-04,380471.25,313596.3,498547.16
2030-05-05,402134.56,365673.06,478766.34
2030-05-06,401395.84,370574.3,428453.9
2030-05-07,410302.16,376432.94,457355.6
2030-05-08,423510.97,346547.6,526478.9
2030-05-09,425741.28,355673.97,544014.8
2030-05-10,399814.25,320601.06,493973.03
2030-05-11,412044.47,360777.12,486995.97
2030-05-12,402870.28,366835.16,456157.7
2030-05-13,416527.1,385809.5,493958.4
2030-05-14,426746.28,393867.56,485123.28
2030-05-15,434097.38,411540.56,493581.66
2030-05-16,425126.56,392646.78,468571.34
2030-05-17,384077.7,357569.34,421501.7
2030-05-18,388848.8,346687.06,457225.2
2030-05-19,417990.28,396708.03,454665.4
2030-05-20,415270.84,392601.1,457602.5
2030-05-21,404912.75,374487.94,433770.7
2030-05-22,417187.8,387302.56,459592.9
2030-05-23,425485.8,384162.88,492733.25
2030-05-24,392496.4,349290.56,448240.12
2030-05-25,412870.3,375939.66,507996.78
2030-05-26,433891.56,392438.66,549528.5
2030-05-27,421506.03,392789.12,467037.53
2030-05-28,393098.84,253309.31,452049.25
2030-05-29,404265.25,329893.4,464893.84
2030-05-30,416850.03,301305.22,494274.6
2030-05-31,397356.75,348798.6,466789.03
2030-06-01,407838.75,373304.1,477800.3
2030-06-02,446487.88,408654.62,542877.75
2030-06-03,442059.3,386782.84,518506.9
2030-06-04,437887.28,374417.56,528631.6
2030-06-05,451246.84,400284.94,533838.2
2030-06-06,460286.88,410938.56,560544.44
2030-06-07,428411.62,385579.25,530662.7
2030-06-08,431716.38,395738.1,508072.38
2030-06-09,455433.1,417964.38,505772.16
2030-06-10,452244.25,417670.28,496254.56
2030-06-11,449393.38,414804.28,496983.0
2030-06-12,445614.53,416973.4,462975.0
2030-06-13,463000.47,434532.94,479311.84
2030-06-14,422728.53,410726.94,449619.56
2030-06-15,424068.25,395800.72,459535.94
2030-06-16,444091.4,410309.62,498319.0
2030-06-17,434349.12,378899.0,485987.8
2030-06-18,422807.8,373816.75,470768.78
2030-06-19,410976.8,385603.53,444110.2
2030-06-20,412625.6,381963.28,447788.97
2030-06-21,382691.84,356457.7,399679.16
2030-06-22,404888.53,387141.9,420902.38
2030-06-23,433925.3,414997.0,456427.94
2030-06-24,442172.0,418519.56,467734.66
2030-06-25,449087.7,432954.03,471382.94
2030-06-26,446061.25,435241.75,476409.34
2030-06-27,450579.75,406103.72,505848.3
2030-06-28,411681.8,372270.97,448162.78
2030-06-29,407384.75,371172.0,445155.03
2030-06-30,424162.75,401889.53,449319.53
2030-07-01,427641.0,409475.03,453801.2
2030-07-02,432697.4,401336.47,459150.4
2030-07-03,427713.75,380274.28,455482.62
2030-07-04,440692.3,416009.78,461093.5
2030-07-05,415308.97,392700.34,433547.78
2030-07-06,419858.75,402021.0,443196.34
2030-07-07,429245.88,397580.7,472972.06
2030-07-08,437423.84,373560.16,476929.88
2030-07-09,443283.9,366124.94,481472.88
2030-07-10,443422.44,377713.84,474636.66
2030-07-11,448836.2,409677.4,469877.5
2030-07-12,418557.75,395013.38,439790.53
2030-07-13,433962.97,410504.53,468488.7
2030-07-14,453466.9,403312.84,489388.1
2030-07-15,460301.3,392983.56,500209.7
2030-07-16,462558.9,419002.8,496798.16
2030-07-17,462122.56,423755.94,496487.94
2030-07-18,473102.16,444968.7,514759.94
2030-07-19,439987.3,416828.7,462646.12
2030-07-20,454694.28,405225.9,492115.7
2030-07-21,487234.16,465490.53,515900.1
2030-07-22,481148.72,466359.66,499055.7
2030-07-23,476624.84,430729.72,513387.2
2030-07-24,472214.8,412678.34,532298.8
2030-07-25,471949.0,439658.44,533121.9
2030-07-26,435047.3,398003.66,479900.06
2030-07-27,456984.75,430296.16,493157.3
2030-07-28,466404.56,433393.62,505838.7
2030-07-29,456726.8,366024.06,510880.16
2030-07-30,459817.97,376260.28,531499.9
2030-07-31,467950.75,413314.4,568791.0
2030-08-01,461181.16,419072.78,519560.72
2030-08-02,411484.9,379402.34,453198.72
2030-08-03,420479.6,362523.03,471266.94
2030-08-04,435404.28,389384.66,473301.84
2030-08-05,450927.56,420758.28,479947.62
2030-08-06,440492.16,423086.88,466911.97
2030-08-07,438189.62,410515.5,493169.53
2030-08-08,428532.47,393484.62,468022.0
2030-08-09,399538.1,371609.44,423189.75
2030-08-10,419258.84,407639.88,441502.6
2030-08-11,438034.16,429420.53,449142.6
2030-08-12,445347.4,415855.53,481841.72
2030-08-13,436724.2,416096.3,473065.4
2030-08-14,436655.88,412966.9,449115.66
2030-08-15,433354.9,420830.94,449083.06
2030-08-16,428507.8,416407.16,446370.88
2030-08-17,443538.47,422100.66,479101.66
2030-08-18,459020.6,414356.72,535288.6
2030-08-19,440201.88,408939.62,484095.0
2030-08-20,439403.1,395441.2,477189.2
2030-08-21,443923.53,396497.34,479642.47
2030-08-22,443251.44,397031.66,485851.12
2030-08-23,405904.4,366910.38,451760.06
2030-08-24,426158.56,387081.72,460565.66
2030-08-25,441686.75,409900.53,472742.5
2030-08-26,438181.8,396011.78,477439.6
2030-08-27,432888.44,382456.44,479390.47
2030-08-28,439711.44,406919.78,463430.4
2030-08-29,451185.62,427766.3,482537.97
2030-08-30,433788.4,393242.62,475903.03
2030-08-31,452496.84,416924.5,486869.2
2030-09-01,465481.72,433447.3,485123.78
2030-09-02,469484.9,436970.62,511778.9
2030-09-03,477023.38,451484.8,495385.47
2030-09-04,470849.56,453945.72,489726.16
2030-09-05,475558.1,443246.62,506650.25
2030-09-06,442523.44,410355.03,474309.03
2030-09-07,454363.97,433024.7,466647.97
2030-09-08,465948.12,422973.06,491808.44
2030-09-09,470821.2,453508.72,490481.5
2030-09-10,470735.84,447679.22,484252.88
2030-09-11,466137.16,436322.7,483295.1
2030-09-12,456090.44,402149.12,478630.34
2030-09-13,418406.28,346981.47,467830.56
2030-09-14,424001.38,372075.03,466735.62
2030-09-15,429209.56,385799.25,468411.34
2030-09-16,417849.88,334247.12,484192.38
2030-09-17,437252.88,373707.3,508241.94
2030-09-18,442340.1,430484.16,458976.62
2030-09-19,452411.9,418785.1,473702.88
2030-09-20,414569.56,386917.84,465783.62
2030-09-21,432771.12,400176.16,487591.75
2030-09-22,440704.16,415704.44,485696.34
2030-09-23,457506.6,420840.97,510766.7
2030-09-24,458389.62,423319.72,502202.44
2030-09-25,457209.56,438601.4,472942.25
2030-09-26,450398.6,391830.2,480506.4
2030-09-27,417192.62,351123.5,459904.22
2030-09-28,432580.44,395014.1,456547.22
2030-09-29,454175.7,426951.22,482236.2
2030-09-30,459785.53,435137.16,490198.97
2030-10-01,451351.25,424554.88,483944.97
2030-10-02,437588.4,397062.72,456382.25
2030-10-03,434041.6,420216.12,450131.44
2030-10-04,384700.84,360554.94,408522.16
2030-10-05,392482.7,346032.75,432881.38
2030-10-06,409320.28,359428.88,446772.03
2030-10-07,424804.0,393252.0,452145.78
2030-10-08,433762.4,421261.38,452408.03
2030-10-09,434405.2,416261.44,452952.88
2030-10-10,436685.1,420297.88,461373.22
2030-10-11,401393.3,359617.8,449944.3
2030-10-12,417465.4,402094.66,451263.56
2030-10-13,437520.28,413930.2,472587.88
2030-10-14,438417.62,411007.94,477824.0
2030-10-15,437483.9,412490.62,476802.06
2030-10-16,435237.9,418278.2,472523.88
2030-10-17,434830.28,425080.72,457092.7
2030-10-18,387422.03,364706.28,405222.8
2030-10-19,397740.62,355601.38,429476.62
2030-10-20,414735.12,378932.28,439785.9
2030-10-21,414362.03,387862.53,436629.5
2030-10-22,411909.2,365725.06,439438.75
2030-10-23,399528.1,359828.8,439144.25
2030-10-24,367937.56,275614.16,429427.47
2030-10-25,336543.97,266415.7,391965.88
2030-10-26,363968.75,332401.53,408412.66
2030-10-27,386243.9,343558.38,433312.2
2030-10-28,391255.72,343090.47,436117.2
2030-10-29,390410.56,345319.03,436185.38
2030-10-30,391604.03,359465.22,427238.78
2030-10-31,395044.72,369090.84,429445.1
2030-11-01,356398.56,315708.56,382384.6
2030-11-02,362439.28,316836.3,396913.16
2030-11-03,373054.8,333022.16,403229.78
2030-11-04,368060.53,335515.34,396607.03
2030-11-05,362384.75,327519.75,388555.62
2030-11-06,361402.3,323144.53,385475.2
2030-11-07,354485.12,318527.47,375841.1
2030-11-08,314858.88,285369.1,344127.28
2030-11-09,322652.06,302516.8,344190.66
2030-11-10,336950.4,324051.2,357285.4
2030-11-11,335561.72,318020.6,355609.84
2030-11-12,334419.12,313313.25,355740.78
2030-11-13,329480.7,312165.56,354795.88
2030-11-14,327126.62,311793.97,347895.62
2030-11-15,293338.8,280692.3,308439.6
2030-11-16,304634.7,294207.34,314296.9
2030-11-17,313671.5,278884.56,327971.7
2030-11-18,316221.9,305613.5,321483.12
2030-11-19,317803.7,311317.66,328904.2
2030-11-20,319418.97,312492.3,331607.44
2030-11-21,316689.34,309965.0,325939.03
2030-11-22,284918.66,278274.84,295713.12
2030-11-23,293922.62,286171.97,306170.34
2030-11-24,310190.56,302431.12,316712.12
2030-11-25,308587.3,299026.3,316546.97
2030-11-26,308018.47,299684.1,317393.4
2030-11-27,307947.0,301908.97,318661.16
2030-11-28,309497.28,300914.12,325208.12
2030-11-29,279659.62,268956.0,294115.06
2030-11-30,294897.56,284639.88,306472.44
2030-12-01,312258.88,297315.03,324926.7
2030-12-02,309819.8,296173.44,317136.78
2030-12-03,308077.2,296191.53,321475.12
2030-12-04,306386.03,295399.7,320920.4
2030-12-05,304620.28,296624.6,317378.88
2030-12-06,270089.6,249376.4,284075.78
2030-12-07,281498.7,274590.97,288745.3
2030-12-08,299450.5,292453.66,311846.9
2030-12-09,300186.6,292724.6,310396.6
2030-12-10,299637.2,294480.47,306413.1
2030-12-11,298298.44,291719.1,305968.06
2030-12-12,296619.06,292823.2,303197.0
2030-12-13,268968.16,263072.9,275601.3
2030-12-14,280195.6,274341.53,288926.3
2030-12-15,295306.66,288564.75,301990.2
2030-12-16,269624.6,255538.88,282976.94
2030-12-17,293547.16,288309.22,299020.34
2030-12-18,295116.25,292396.5,298130.22
2030-12-19,296352.16,291822.34,300032.38
2030-12-20,269301.78,259615.78,276309.5
2030-12-21,282722.5,275789.8,287576.0
2030-12-22,295948.1,292283.28,299584.06
2030-12-23,296861.0,293965.6,301360.7
2030-12-24,296798.1,293252.94,302415.25
2030-12-25,289451.03,278193.12,298879.75
2030-12-26,298112.2,291226.53,304816.5
2030-12-27,272059.0,266828.1,277711.5
2030-12-28,284284.97,277461.56,291723.56
2030-12-29,296880.47,289368.62,302704.97
2030-12-30,297230.22,289484.8,301932.3
2030-12-31,298163.7,289792.8,303972.34
